{
  "n_archetypes": 6,
  "per_archetype": {
    "archetype_0": {
      "n_cells": 43,
      "frac_total": 0.3115942028985507,
      "cycle_life": {
        "median": 1074.0,
        "mean": 1154.5813953488373,
        "std": 256.5739598306291,
        "iqr": 202.5,
        "range": [
          879.0,
          1935.0
        ]
      },
      "fade_pct": {
        "median": 17.265914916992188,
        "mean": 15.543680301932401,
        "range": [
          3.5995423793792725,
          18.75078010559082
        ]
      },
      "N_star": {
        "median": 1072.0,
        "mean": 1153.2325581395348,
        "iqr": 201.5,
        "range": [
          877.0,
          1934.0
        ]
      }
    },
    "archetype_1": {
      "n_cells": 27,
      "frac_total": 0.1956521739130435,
      "cycle_life": {
        "median": 857.0,
        "mean": 860.1481481481482,
        "std": 61.03108115494117,
        "iqr": 52.0,
        "range": [
          786.0,
          1061.0
        ]
      },
      "fade_pct": {
        "median": 17.625505447387695,
        "mean": 17.606944366737647,
        "range": [
          14.341604232788086,
          19.670825958251953
        ]
      },
      "N_star": {
        "median": 855.0,
        "mean": 858.6666666666666,
        "iqr": 51.0,
        "range": [
          785.0,
          1060.0
        ]
      }
    },
    "archetype_2": {
      "n_cells": 14,
      "frac_total": 0.10144927536231885,
      "cycle_life": {
        "median": 580.0,
        "mean": 564.7857142857143,
        "std": 125.00924455611191,
        "iqr": 87.25,
        "range": [
          209.0,
          772.0
        ]
      },
      "fade_pct": {
        "median": 18.00638198852539,
        "mean": 17.325319630759104,
        "range": [
          9.347307205200195,
          22.701704025268555
        ]
      },
      "N_star": {
        "median": 586.5,
        "mean": 566.0714285714286,
        "iqr": 87.0,
        "range": [
          208.0,
          771.0
        ]
      }
    },
    "archetype_3": {
      "n_cells": 14,
      "frac_total": 0.10144927536231885,
      "cycle_life": {
        "median": 706.5,
        "mean": 702.6428571428571,
        "std": 34.59894123660256,
        "iqr": 34.25,
        "range": [
          636.0,
          757.0
        ]
      },
      "fade_pct": {
        "median": 18.24771213531494,
        "mean": 18.33636215754918,
        "range": [
          16.99100685119629,
          20.846731185913086
        ]
      },
      "N_star": {
        "median": 704.5,
        "mean": 702.7857142857143,
        "iqr": 38.0,
        "range": [
          634.0,
          755.0
        ]
      }
    },
    "archetype_4": {
      "n_cells": 3,
      "frac_total": 0.021739130434782608,
      "cycle_life": {
        "median": 300.0,
        "mean": 261.0,
        "std": 81.1706022317604,
        "iqr": 93.5,
        "range": [
          148.0,
          335.0
        ]
      },
      "fade_pct": {
        "median": 22.89542579650879,
        "mean": 22.823967615763348,
        "range": [
          22.677696228027344,
          22.898780822753906
        ]
      },
      "N_star": {
        "median": 310.0,
        "mean": 271.3333333333333,
        "iqr": 95.0,
        "range": [
          157.0,
          347.0
        ]
      }
    },
    "archetype_5": {
      "n_cells": 37,
      "frac_total": 0.26811594202898553,
      "cycle_life": {
        "median": 483.0,
        "mean": 481.8918918918919,
        "std": 25.874733354190816,
        "iqr": 36.0,
        "range": [
          429.0,
          535.0
        ]
      },
      "fade_pct": {
        "median": 23.068618774414062,
        "mean": 23.097319370991475,
        "range": [
          22.51513671875,
          23.781269073486328
        ]
      },
      "N_star": {
        "median": 492.0,
        "mean": 491.9189189189189,
        "iqr": 35.0,
        "range": [
          437.0,
          542.0
        ]
      }
    }
  },
  "cross_archetype": {
    "cycle_life_range": [
      300.0,
      1074.0
    ],
    "fade_range": [
      17.265914916992188,
      23.068618774414062
    ],
    "N_star_range": [
      310.0,
      1072.0
    ],
    "cycle_life_archetype_ratio": 3.568106312292359,
    "separation_cl_fade_corr": -0.8289537709554257
  }
}