{
  "n_archetypes": 6,
  "bic": {
    "2": -689.8139330276186,
    "3": -1593.8173605966326,
    "4": -1708.7717580111444,
    "5": -1837.2211400456788,
    "6": -1898.794381452136
  },
  "explained_variance_ratio": [
    0.8754873467698511,
    0.07042390806898766,
    0.030783089956768008,
    0.008180476233473054,
    0.007065164832543696
  ],
  "labels": [
    0,
    0,
    0,
    0,
    0,
    0,
    3,
    1,
    0,
    0,
    0,
    1,
    0,
    0,
    1,
    3,
    1,
    1,
    3,
    1,
    2,
    2,
    0,
    0,
    0,
    1,
    1,
    1,
    1,
    1,
    3,
    1,
    3,
    3,
    3,
    3,
    3,
    3,
    2,
    2,
    1,
    0,
    3,
    3,
    2,
    2,
    4,
    4,
    5,
    4,
    5,
    5,
    5,
    2,
    1,
    1,
    2,
    5,
    5,
    5,
    5,
    2,
    2,
    5,
    5,
    2,
    5,
    5,
    5,
    5,
    5,
    5,
    5,
    5,
    5,
    5,
    5,
    5,
    5,
    5,
    5,
    5,
    5,
    5,
    5,
    5,
    5,
    5,
    5,
    5,
    5,
    5,
    5,
    3,
    0,
    0,
    0,
    0,
    0,
    1,
    2,
    0,
    1,
    0,
    0,
    1,
    0,
    1,
    1,
    1,
    0,
    0,
    0,
    0,
    1,
    2,
    0,
    1,
    0,
    0,
    1,
    2,
    1,
    0,
    3,
    0,
    0,
    0,
    0,
    0,
    0,
    0,
    1,
    1,
    0,
    0,
    0,
    0
  ],
  "cell_ids": [
    "mit_b0_c000",
    "mit_b0_c001",
    "mit_b0_c002",
    "mit_b0_c003",
    "mit_b0_c004",
    "mit_b0_c005",
    "mit_b0_c006",
    "mit_b0_c007",
    "mit_b0_c008",
    "mit_b0_c009",
    "mit_b0_c010",
    "mit_b0_c011",
    "mit_b0_c012",
    "mit_b0_c013",
    "mit_b0_c014",
    "mit_b0_c015",
    "mit_b0_c016",
    "mit_b0_c017",
    "mit_b0_c018",
    "mit_b0_c019",
    "mit_b0_c020",
    "mit_b0_c021",
    "mit_b0_c022",
    "mit_b0_c023",
    "mit_b0_c024",
    "mit_b0_c025",
    "mit_b0_c026",
    "mit_b0_c027",
    "mit_b0_c028",
    "mit_b0_c029",
    "mit_b0_c030",
    "mit_b0_c031",
    "mit_b0_c032",
    "mit_b0_c033",
    "mit_b0_c034",
    "mit_b0_c035",
    "mit_b0_c036",
    "mit_b0_c037",
    "mit_b0_c038",
    "mit_b0_c039",
    "mit_b0_c040",
    "mit_b0_c041",
    "mit_b0_c042",
    "mit_b0_c043",
    "mit_b0_c044",
    "mit_b0_c045",
    "mit_b1_c000",
    "mit_b1_c001",
    "mit_b1_c002",
    "mit_b1_c003",
    "mit_b1_c004",
    "mit_b1_c005",
    "mit_b1_c006",
    "mit_b1_c007",
    "mit_b1_c008",
    "mit_b1_c009",
    "mit_b1_c010",
    "mit_b1_c011",
    "mit_b1_c012",
    "mit_b1_c013",
    "mit_b1_c014",
    "mit_b1_c015",
    "mit_b1_c016",
    "mit_b1_c017",
    "mit_b1_c018",
    "mit_b1_c019",
    "mit_b1_c020",
    "mit_b1_c021",
    "mit_b1_c022",
    "mit_b1_c023",
    "mit_b1_c024",
    "mit_b1_c025",
    "mit_b1_c026",
    "mit_b1_c027",
    "mit_b1_c028",
    "mit_b1_c029",
    "mit_b1_c030",
    "mit_b1_c031",
    "mit_b1_c032",
    "mit_b1_c033",
    "mit_b1_c034",
    "mit_b1_c035",
    "mit_b1_c036",
    "mit_b1_c037",
    "mit_b1_c038",
    "mit_b1_c039",
    "mit_b1_c040",
    "mit_b1_c041",
    "mit_b1_c042",
    "mit_b1_c043",
    "mit_b1_c044",
    "mit_b1_c045",
    "mit_b1_c046",
    "mit_b1_c047",
    "mit_b2_c000",
    "mit_b2_c001",
    "mit_b2_c002",
    "mit_b2_c003",
    "mit_b2_c004",
    "mit_b2_c005",
    "mit_b2_c006",
    "mit_b2_c007",
    "mit_b2_c008",
    "mit_b2_c009",
    "mit_b2_c010",
    "mit_b2_c011",
    "mit_b2_c012",
    "mit_b2_c013",
    "mit_b2_c014",
    "mit_b2_c015",
    "mit_b2_c016",
    "mit_b2_c017",
    "mit_b2_c018",
    "mit_b2_c019",
    "mit_b2_c020",
    "mit_b2_c021",
    "mit_b2_c022",
    "mit_b2_c024",
    "mit_b2_c025",
    "mit_b2_c026",
    "mit_b2_c027",
    "mit_b2_c028",
    "mit_b2_c029",
    "mit_b2_c030",
    "mit_b2_c031",
    "mit_b2_c033",
    "mit_b2_c034",
    "mit_b2_c035",
    "mit_b2_c036",
    "mit_b2_c037",
    "mit_b2_c038",
    "mit_b2_c039",
    "mit_b2_c040",
    "mit_b2_c041",
    "mit_b2_c042",
    "mit_b2_c043",
    "mit_b2_c044",
    "mit_b2_c045"
  ]
}