{
  "dataset": {
    "n_cells": 138,
    "cycle_life_range": [
      148,
      1935
    ],
    "cycle_life_median": 787,
    "fade_pct_range": [
      3.5995423793792725,
      23.781269073486328
    ],
    "fade_pct_mean": 18.59494214127029,
    "capacity_range_Ah": [
      0.9708756804466248,
      1.0967276096343994
    ]
  },
  "pca_manifold": {
    "V_early": {
      "explained_variance_ratio": [
        0.6378244161605835,
        0.12145812064409256,
        0.06857771426439285,
        0.055683936923742294,
        0.022951433435082436,
        0.011605748906731606,
        0.009171978570520878,
        0.00833788514137268,
        0.007700460962951183,
        0.007098284084349871
      ],
      "cumulative_variance": [
        0.6378244161605835,
        0.7592825293540955,
        0.8278602361679077,
        0.8835441470146179,
        0.9064955711364746,
        0.9181013107299805,
        0.9272732734680176,
        0.9356111288070679,
        0.9433115720748901,
        0.9504098296165466
      ],
      "n_components_90": 5,
      "n_components_95": 10,
      "n_components_99": 19,
      "singular_values": [
        93.81884765625,
        40.940467834472656,
        30.763166427612305,
        27.720718383789062,
        17.796903610229492,
        12.655406951904297,
        11.250479698181152,
        10.726733207702637,
        10.308557510375977,
        9.89728832244873
      ]
    },
    "V_late": {
      "explained_variance_ratio": [
        0.6725881099700928,
        0.08550902456045151,
        0.04622325673699379,
        0.034469906240701675,
        0.019581925123929977,
        0.01582341641187668,
        0.014087628573179245,
        0.01261217799037695,
        0.012265290133655071,
        0.010967889800667763
      ],
      "cumulative_variance": [
        0.6725881099700928,
        0.7580971121788025,
        0.8043203949928284,
        0.8387902975082397,
        0.8583722114562988,
        0.8741956353187561,
        0.8882832527160645,
        0.9008954167366028,
        0.9131606817245483,
        0.9241285920143127
      ],
      "n_components_90": 8,
      "n_components_95": 13,
      "n_components_99": 21,
      "singular_values": [
        96.34166717529297,
        34.35148620605469,
        25.256305694580078,
        21.810197830200195,
        16.438692092895508,
        14.777115821838379,
        13.943073272705078,
        13.192728042602539,
        13.010035514831543,
        12.302719116210938
      ]
    },
    "delta_V": {
      "explained_variance_ratio": [
        0.6373187899589539,
        0.1054496243596077,
        0.052952107042074203,
        0.043290410190820694,
        0.030428754165768623,
        0.018791580572724342,
        0.013930482789874077,
        0.011189928278326988,
        0.010598001070320606,
        0.009424163959920406
      ],
      "cumulative_variance": [
        0.6373187899589539,
        0.742768406867981,
        0.7957205176353455,
        0.8390109539031982,
        0.8694397211074829,
        0.8882312774658203,
        0.9021617770195007,
        0.9133517146110535,
        0.9239497184753418,
        0.9333738684654236
      ],
      "n_components_90": 7,
      "n_components_95": 13,
      "n_components_99": 20,
      "singular_values": [
        93.78166198730469,
        38.14714813232422,
        27.03218650817871,
        24.441925048828125,
        20.491872787475586,
        16.103534698486328,
        13.86508846282959,
        12.426626205444336,
        12.093486785888672,
        11.404098510742188
      ]
    }
  },
  "information_map": {
    "mi_per_timepoint": [
      0.15343258620186462,
      0.1717897175039805,
      0.30392301624045276,
      0.27866147254402357,
      0.3263010775366734,
      0.30692163393913213,
      0.3404435551248597,
      0.3541364612509987,
      0.3767635617479409,
      0.39918484367292223,
      0.585104264948026,
      0.7021113499733127,
      0.7652772512804997,
      0.7710211423459876,
      0.726822258149427,
      0.7439427167070392,
      0.7655803161839031,
      0.7643669323083884,
      0.773525009534628,
      0.7804701099295371,
      0.7804701099295371,
      0.7804701099295371,
      0.7844803995076365,
      0.7731184435672813,
      0.7608207015529802,
      0.7655136712460512,
      0.7677658019478893,
      0.7678600116680662,
      0.797996845605455,
      0.7721532697318815,
      0.7548962099859381,
      0.7470638643538464,
      0.7404769132806455,
      0.7213225442631686,
      0.7169263254469759,
      0.7169263254469759,
      0.7148281950650757,
      0.6984126611967572,
      0.7141968433667055,
      0.7199912992344666,
      0.7164106493586426,
      0.7294791318394829,
      0.7360600577351994,
      0.7360600577351994,
      0.7414126993545915,
      0.6925486990963257,
      0.7037134845641264,
      0.7037134845641264,
      0.7236749603388123,
      0.7403948781065622,
      0.7459664449374094,
      0.7511610194786105,
      0.7761630694745595,
      0.7916134295074779,
      0.79088757923989,
      0.8092497419009677,
      0.8076818991591699,
      0.8393209984340078,
      0.8419798810194391,
      0.8419798810194391,
      0.849924574370164,
      0.8530565556595282,
      0.7952173390344772,
      0.6520219772096852,
      0.5922705509122907,
      0.5111343796344822,
      0.515848815217413,
      0.454523447285756,
      0.351376700523546,
      0.29497511319346764,
      0.2366266082215893,
      0.26342850359247183,
      0.3157927263975473,
      0.31381741481281555,
      0.3699344258121094,
      0.35178326649089253,
      0.3672757291429245,
      0.3381776420318589,
      0.4232492846157962,
      0.41877696018051525,
      0.3795528344279723,
      0.3281562841890938,
      0.3456147670820911,
      0.23287817563466479,
      0.2150528661027394,
      0.2204782515524484,
      0.18779868540495234,
      0.23424555983011736,
      0.2479070692994268,
      0.26030434124190754,
      0.17310611260801703,
      0.16913102083479564,
      0.18840247232099772,
      0.20613938217617014,
      0.27040109505472526,
      0.21636495074582718,
      0.17423906915451745,
      0.24609787085560508,
      0.2520256903140508,
      0.5291420834292767
    ],
    "top5_timepoints": [
      61,
      60,
      59,
      58,
      57
    ],
    "bottom5_timepoints": [
      96,
      90,
      1,
      91,
      0
    ],
    "top10pct_info_fraction": 0.14973325921297004,
    "mi_range": [
      0.15343258620186462,
      0.8530565556595282
    ]
  },
  "bnn_prediction": {
    "fade_pct|delta_V": {
      "r2": 0.968153178691864,
      "mae": 0.28338757157325745,
      "mean_uncertainty": 0.37903454899787903,
      "max_uncertainty": 1.4720340967178345,
      "uncertainty_corr_with_error": 0.20095796850732847,
      "mc_samples": 50
    },
    "fade_pct|V_early": {
      "r2": 0.6748441457748413,
      "mae": 0.4223376512527466,
      "mean_uncertainty": 0.6798933744430542,
      "max_uncertainty": 6.604163646697998,
      "uncertainty_corr_with_error": 0.8562738361757486,
      "mc_samples": 50
    },
    "cycle_life_log|delta_V": {
      "r2": 0.8266133069992065,
      "mae": 56.2902717590332,
      "mean_uncertainty": 0.05567719414830208,
      "max_uncertainty": 0.21347956359386444,
      "uncertainty_corr_with_error": 0.3613086882506241,
      "mc_samples": 50
    },
    "cycle_life_log|V_early": {
      "r2": 0.5760420560836792,
      "mae": 96.05513763427734,
      "mean_uncertainty": 0.05625538527965546,
      "max_uncertainty": 0.48683542013168335,
      "uncertainty_corr_with_error": 0.5555401299818297,
      "mc_samples": 50
    }
  },
  "effective_rank": {
    "V_early": {
      "effective_rank_entropy": 1.7785830077477913,
      "participation_ratio": 1.4074148401260622,
      "n_components_95": 2,