{
  "sensitivity_analysis": {
    "SEI": {
      "explained_variance_ratio": 5.1990381620190325e-05,
      "mean_sensitivity": 0.025539920953743224,
      "n_bins_used": 30,
      "sensitivity_rank": 3
    },
    "LAM_neg": {
      "explained_variance_ratio": 2.9663114804306836e-05,
      "mean_sensitivity": 0.03178826202573634,
      "n_bins_used": 30,
      "sensitivity_rank": 4
    },
    "LAM_pos": {
      "explained_variance_ratio": 1.5725400907126608e-05,
      "mean_sensitivity": 0.022537021461694326,
      "n_bins_used": 30,
      "sensitivity_rank": 6
    },
    "D_n": {
      "explained_variance_ratio": 0.00023737503680326704,
      "mean_sensitivity": 0.025591955595401953,
      "n_bins_used": 30,
      "sensitivity_rank": 1
    },
    "D_p": {
      "explained_variance_ratio": 5.246236477163307e-05,
      "mean_sensitivity": 0.053435342967707446,
      "n_bins_used": 24,
      "sensitivity_rank": 2
    },
    "t+": {
      "explained_variance_ratio": 1.6044013631563696e-05,
      "mean_sensitivity": 0.03868491242685192,
      "n_bins_used": 25,
      "sensitivity_rank": 5
    },
    "R_mult": {
      "explained_variance_ratio": 1.2643598510316388e-05,
      "mean_sensitivity": 0.02492491674106442,
      "n_bins_used": 30,
      "sensitivity_rank": 7
    }
  },
  "sensitivity_ranking": [
    [
      "D_n",
      {
        "explained_variance_ratio": 0.00023737503680326704,
        "mean_sensitivity": 0.025591955595401953,
        "n_bins_used": 30,
        "sensitivity_rank": 1
      }
    ],
    [
      "D_p",
      {
        "explained_variance_ratio": 5.246236477163307e-05,
        "mean_sensitivity": 0.053435342967707446,
        "n_bins_used": 24,
        "sensitivity_rank": 2
      }
    ],
    [
      "SEI",
      {
        "explained_variance_ratio": 5.1990381620190325e-05,
        "mean_sensitivity": 0.025539920953743224,
        "n_bins_used": 30,
        "sensitivity_rank": 3
      }
    ],
    [
      "LAM_neg",
      {
        "explained_variance_ratio": 2.9663114804306836e-05,
        "mean_sensitivity": 0.03178826202573634,
        "n_bins_used": 30,
        "sensitivity_rank": 4
      }
    ],
    [
      "t+",
      {
        "explained_variance_ratio": 1.6044013631563696e-05,
        "mean_sensitivity": 0.03868491242685192,
        "n_bins_used": 25,
        "sensitivity_rank": 5
      }
    ],
    [
      "LAM_pos",
      {
        "explained_variance_ratio": 1.5725400907126608e-05,
        "mean_sensitivity": 0.022537021461694326,
        "n_bins_used": 30,
        "sensitivity_rank": 6
      }
    ],
    [
      "R_mult",
      {
        "explained_variance_ratio": 1.2643598510316388e-05,
        "mean_sensitivity": 0.02492491674106442,
        "n_bins_used": 30,
        "sensitivity_rank": 7
      }
    ]
  ],
  "profile_analysis": {
    "SEI": {
      "mean_conditional_dynrange": 4.247125267105729e+29,
      "mean_marginal_dynrange": 20143.306302274214,
      "log10_mean_conditional": 29.628095070505744,
      "log10_mean_marginal": 4.3041307567331115
    },
    "LAM_neg": {
      "mean_conditional_dynrange": 5.12773458374386e+29,
      "mean_marginal_dynrange": 21481.56536999171,
      "log10_mean_conditional": 29.709925537610875,
      "log10_mean_marginal": 4.3320659253878135
    },
    "LAM_pos": {
      "mean_conditional_dynrange": 6.064051076536543e+29,
      "mean_marginal_dynrange": 5814.754329931433,
      "log10_mean_conditional": 29.782762850632665,
      "log10_mean_marginal": 3.7645313707568184
    },
    "D_n": {
      "mean_conditional_dynrange": 2.2519510717726798e+30,
      "mean_marginal_dynrange": 20195.779462720744,
      "log10_mean_conditional": 30.352558950348946,
      "log10_mean_marginal": 4.305260619567201
    },
    "D_p": {
      "mean_conditional_dynrange": 9.367255756822556e+30,
      "mean_marginal_dynrange": 14264.125847053438,
      "log10_mean_conditional": 30.971612378056513,
      "log10_mean_marginal": 4.154245161802168
    },
    "t+": {
      "mean_conditional_dynrange": 2.6210242515516596e+30,
      "mean_marginal_dynrange": 7352.137692431582,
      "log10_mean_conditional": 30.418471039361837,
      "log10_mean_marginal": 3.866413632015605
    },
    "R_mult": {
      "mean_conditional_dynrange": 7.810688143035237e+29,
      "mean_marginal_dynrange": 6120.745552625805,
      "log10_mean_conditional": 29.892689298097213,
      "log10_mean_marginal": 3.786804325686504
    }
  },
  "profile_ranking": [
    [
      "D_p",
      {
        "mean_conditional_dynrange": 9.367255756822556e+30,
        "mean_marginal_dynrange": 14264.125847053438,
        "log10_mean_conditional": 30.971612378056513,
        "log10_mean_marginal": 4.154245161802168
      }
    ],
    [
      "t+",
      {
        "mean_conditional_dynrange": 2.6210242515516596e+30,
        "mean_marginal_dynrange": 7352.137692431582,
        "log10_mean_conditional": 30.418471039361837,
        "log10_mean_marginal": 3.866413632015605
      }
    ],
    [
      "D_n",
      {
        "mean_conditional_dynrange": 2.2519510717726798e+30,
        "mean_marginal_dynrange": 20195.779462720744,
        "log10_mean_conditional": 30.352558950348946,
        "log10_mean_marginal": 4.305260619567201
      }
    ],
    [
      "R_mult",
      {
        "mean_conditional_dynrange": 7.810688143035237e+29,
        "mean_marginal_dynrange": 6120.745552625805,
        "log10_mean_conditional": 29.892689298097213,
        "log10_mean_marginal": 3.786804325686504
      }
    ],
    [
      "LAM_pos",
      {
        "mean_conditional_dynrange": 6.064051076536543e+29,
        "mean_marginal_dynrange": 5814.754329931433,
        "log10_mean_conditional": 29.782762850632665,
        "log10_mean_marginal": 3.7645313707568184
      }
    ],
    [
      "LAM_neg",
      {
        "mean_conditional_dynrange": 5.12773458374386e+29,
        "mean_marginal_dynrange": 21481.56536999171,
        "log10_mean_conditional": 29.709925537610875,
        "log10_mean_marginal": 4.3320659253878135
      }
    ],
    [
      "SEI",
      {
        "mean_conditional_dynrange": 4.247125267105729e+29,
        "mean_marginal_dynrange": 20143.306302274214,
        "log10_mean_conditional": 29.628095070505744,
        "log10_mean_marginal": 4.3041307567331115
      }
    ]
  ],
  "profile_cases": {
    "case_0": {
      "test_idx": 1178,
      "SEI": {
        "conditional_dynamic_range": 1.4855378711743583e+30,
        "marginal_dynamic_range": 11894.807697577986,
        "conditional_min": 0.0,
        "conditional_max": 1.4855378711743583
      },
      "LAM_neg": {
        "conditional_dynamic_range": 2.4351843323662478e+30,
        "marginal_dynamic_range": 1636.7421560777086,
        "conditional_min": 0.0,
        "conditional_max": 2.435184332366248
      },
      "LAM_pos": {
        "conditional_dynamic_range": 2.650227595659487e+30,
        "marginal_dynamic_range": 252.03733610559127,
        "conditional_min": 0.0,
        "conditional_max": 2.650227595659487
      },
      "D_n": {
        "conditional_dynamic_range": 8.392453609346546e+30,
        "marginal_dynamic_range": 44.641650651670176,
        "conditional_min": 0.0,
        "conditional_max": 8.392453609346546
      },
      "D_p": {
        "conditional_dynamic_range": 2.4353360518025793e+31,
        "marginal_dynamic_range": 12594.440830096115,
        "conditional_min": 0.0,
        "conditional_max": 24.353360518025795
      },
      "t+": {
        "conditional_dynamic_range": 1.1693535044728207e+31,
        "marginal_dynamic_range": 251.36781507536668,
        "conditional_min": 0.0,
        "conditional_max": 11.693535044728208
      },
      "R_mult": {
        "conditional_dynamic_range": 3.5587829421319837e+30,
        "marginal_dynamic_range": 6.692157707247724,
        "conditional_min": 0.0,
        "conditional_max": 3.558782942131984
      }
    },
    "case_1": {
      "test_idx": 865,
      "SEI": {
        "conditional_dynamic_range": 6.699762992883506e+28,