{
  "jacobian_correlation": {
    "D_n": {
      "D_n": 0.0,
      "D_p": 0.0,
      "t+": 0.0,
      "SEI": 0.0,
      "LAM_neg": 0.0,
      "LAM_pos": 0.0,
      "R_mult": 0.0
    },
    "D_p": {
      "D_n": 0.0,
      "D_p": 0.0,
      "t+": 0.0,
      "SEI": 0.0,
      "LAM_neg": 0.0,
      "LAM_pos": 0.0,
      "R_mult": 0.0
    },
    "t+": {
      "D_n": 0.0,
      "D_p": 0.0,
      "t+": 0.9999999999999999,
      "SEI": 0.9989783647424196,
      "LAM_neg": 0.0,
      "LAM_pos": 0.0,
      "R_mult": 0.9989783647424196
    },
    "SEI": {
      "D_n": 0.0,
      "D_p": 0.0,
      "t+": 0.9989783647424196,
      "SEI": 0.9999999999999999,
      "LAM_neg": 0.0,
      "LAM_pos": 0.0,
      "R_mult": 0.9999999999999999
    },
    "LAM_neg": {
      "D_n": 0.0,
      "D_p": 0.0,
      "t+": 0.0,
      "SEI": 0.0,
      "LAM_neg": 0.0,
      "LAM_pos": 0.0,
      "R_mult": 0.0
    },
    "LAM_pos": {
      "D_n": 0.0,
      "D_p": 0.0,
      "t+": 0.0,
      "SEI": 0.0,
      "LAM_neg": 0.0,
      "LAM_pos": 0.0,
      "R_mult": 0.0
    },
    "R_mult": {
      "D_n": 0.0,
      "D_p": 0.0,
      "t+": 0.9989783647424196,
      "SEI": 0.9999999999999999,
      "LAM_neg": 0.0,
      "LAM_pos": 0.0,
      "R_mult": 0.9999999999999999
    }
  },
  "high_correlation_pairs": [
    {
      "p1": "t+",
      "p2": "SEI",
      "corr": 0.9989783647424196
    },
    {
      "p1": "t+",
      "p2": "R_mult",
      "corr": 0.9989783647424196
    },
    {
      "p1": "SEI",
      "p2": "R_mult",
      "corr": 0.9999999999999999
    }
  ],
  "sensitivity_ranking": {
    "SEI": 33.881305476696795,
    "R_mult": 33.881305476696795,
    "t+": 31.090609326606227,
    "D_n": 0.0,
    "D_p": 0.0,
    "LAM_neg": 0.0,
    "LAM_pos": 0.0
  },
  "eigenvalues": [
    3261.12193117154,
    1.3897787386029068,
    3.1860694549685786e-14,
    0.0,
    0.0,
    0.0,
    0.0
  ],
  "eigenvector_composition": {
    "eigvec_1": {
      "D_n": 0.0,
      "D_p": 0.0,
      "t+": 0.5441590353207697,
      "SEI": 0.593249923842713,
      "LAM_neg": 0.0,
      "LAM_pos": 0.0,
      "R_mult": 0.593249923842713
    },
    "eigvec_2": {
      "D_n": 0.0,
      "D_p": 0.0,
      "t+": 0.8389820881751703,
      "SEI": 0.3847785439191834,
      "LAM_neg": 0.0,
      "LAM_pos": 0.0,
      "R_mult": 0.3847785439193092
    },
    "eigvec_3": {
      "D_n": 0.0,
      "D_p": 0.0,
      "t+": 7.465999069441541e-14,
      "SEI": 0.7071067811865818,
      "LAM_neg": 0.0,
      "LAM_pos": 0.0,
      "R_mult": 0.7071067811865133
    },
    "eigvec_4": {
      "D_n": 0.0,
      "D_p": 0.0,
      "t+": 0.0,
      "SEI": 0.0,
      "LAM_neg": 1.0,
      "LAM_pos": 0.0,
      "R_mult": 0.0
    }
  },
  "effective_rank": 1.0004261658312494,
  "numerical_rank_eta1e3": 1,
  "null_space_dim": 6
}