{
  "single_rate_pooled": {
    "D_n": {
      "r2": 0.2645416231160871,
      "norm_err": 0.15477122579672728
    },
    "D_p": {
      "r2": -0.019695061394638724,
      "norm_err": 0.2218478946835537
    },
    "t+": {
      "r2": -0.010728308872606673,
      "norm_err": 0.24900758151378694
    },
    "SEI": {
      "r2": 0.629042324116336,
      "norm_err": 0.08883029329634339
    },
    "LAM_neg": {
      "r2": 0.1916087777551727,
      "norm_err": 0.23148851551085026
    },
    "LAM_pos": {
      "r2": 0.1279762279864637,
      "norm_err": 0.24093971601010175
    },
    "R_mult": {
      "r2": -0.004983553534043006,
      "norm_err": 0.2544351154934135
    }
  },
  "multi_rate_averaged": {
    "D_n": {
      "r2": 0.20862072454389446
    },
    "D_p": {
      "r2": -0.02985633880115679
    },
    "t+": {
      "r2": -0.036193182868187845
    },
    "SEI": {
      "r2": 0.9758604163198846
    },
    "LAM_neg": {
      "r2": 0.33937907539436163
    },
    "LAM_pos": {
      "r2": 0.07056804497682845
    },
    "R_mult": {
      "r2": 0.0007322548257084893
    }
  },
  "multi_rate_concatenated": {
    "D_n": {
      "r2": 0.1830756102849721,
      "norm_err": 0.1614575549452918
    },
    "D_p": {
      "r2": 0.009681226365266138,
      "norm_err": 0.20432280699798333
    },
    "t+": {
      "r2": 0.04950366978113607,
      "norm_err": 0.2630822907109696
    },
    "SEI": {
      "r2": 0.9806278297397065,
      "norm_err": 0.024950237240637857
    },
    "LAM_neg": {
      "r2": 0.7868243996801708,
      "norm_err": 0.10104911594823873
    },
    "LAM_pos": {
      "r2": 0.1298418775806932,
      "norm_err": 0.2104567326523303
    },
    "R_mult": {
      "r2": 0.0516777990391063,
      "norm_err": 0.24620787853292506
    }
  }
}