{
  "noise_0mV": {
    "per_param_r2": {
      "D_n": 0.2645416231160871,
      "D_p": -0.019695061394638724,
      "t+": -0.010728308872606673,
      "SEI": 0.629042324116336,
      "LAM_neg": 0.1916087777551727,
      "LAM_pos": 0.1279762279864637,
      "R_mult": -0.004983553534043006
    },
    "id_mean_r2": 0.36173090832919863,
    "un_mean_r2": 0.02314232604629382,
    "separation": 15.630706526324227
  },
  "noise_0.5mV": {
    "per_param_r2": {
      "D_n": 0.2648686516428459,
      "D_p": -0.019743094402876915,
      "t+": -0.010724761237886682,
      "SEI": 0.6290360645211841,
      "LAM_neg": 0.190779036401453,
      "LAM_pos": 0.12789918698521285,
      "R_mult": -0.005034368004061873
    },
    "id_mean_r2": 0.36156125085516094,
    "un_mean_r2": 0.023099240835096846,
    "separation": 15.652516542472483
  },
  "noise_1mV": {
    "per_param_r2": {
      "D_n": 0.2636538900382629,
      "D_p": -0.019941031590361424,
      "t+": -0.010949201603906111,
      "SEI": 0.6290756834990748,
      "LAM_neg": 0.19205117860517285,
      "LAM_pos": 0.12611578815595403,
      "R_mult": -0.005279025220900069
    },
    "id_mean_r2": 0.3615935840475035,
    "un_mean_r2": 0.022486632435196607,
    "separation": 16.080379464623203
  },
  "noise_2mV": {
    "per_param_r2": {
      "D_n": 0.26165544840183774,
      "D_p": -0.019398998267102785,
      "t+": -0.011372409870305411,
      "SEI": 0.628515610131422,
      "LAM_neg": 0.19052162021244945,
      "LAM_pos": 0.12675921139517132,
      "R_mult": -0.005451970170051723
    },
    "id_mean_r2": 0.3602308929152364,
    "un_mean_r2": 0.02263395827192785,
    "separation": 15.915505674960453
  },
  "noise_5mV": {
    "per_param_r2": {
      "D_n": 0.2638766707820034,
      "D_p": -0.020079611902143135,
      "t+": -0.009851489631910848,
      "SEI": 0.6280477668232314,
      "LAM_neg": 0.18273962535579602,
      "LAM_pos": 0.12644383395122238,
      "R_mult": 0.000420708990929497
    },
    "id_mean_r2": 0.35822135432034363,
    "un_mean_r2": 0.024233360352024474,
    "separation": 14.782157638827078
  },
  "noise_10mV": {
    "per_param_r2": {
      "D_n": 0.2620266405996964,
      "D_p": -0.01737787179956274,
      "t+": -0.006211594571720269,
      "SEI": 0.6307047603815705,
      "LAM_neg": 0.16656590053527476,
      "LAM_pos": 0.11121169869529446,
      "R_mult": -0.0021306282799991028
    },
    "id_mean_r2": 0.3530991005055139,
    "un_mean_r2": 0.021372901011003087,
    "separation": 16.520878409142746
  },
  "noise_20mV": {
    "per_param_r2": {
      "D_n": 0.22607440420559566,
      "D_p": -0.024066513976067183,
      "t+": -0.0063572353300154205,
      "SEI": 0.6228414396549711,
      "LAM_neg": 0.13944875879544472,
      "LAM_pos": 0.08947316205411804,
      "R_mult": -0.0005287922904597675
    },
    "id_mean_r2": 0.3294548675520038,
    "un_mean_r2": 0.014630155114393917,
    "separation": 22.51889079261912
  },
  "noise_50mV": {
    "per_param_r2": {
      "D_n": 0.13709699951349918,
      "D_p": 0.007111422423715208,
      "t+": -0.022505642110629998,
      "SEI": 0.5738208910547558,
      "LAM_neg": 0.08433301480194377,
      "LAM_pos": -0.03664294592404649,
      "R_mult": -0.0864380755033205
    },
    "id_mean_r2": 0.26508363512339955,
    "un_mean_r2": -0.034618810278570444,
    "separation": 7.657213873746807
  },
  "noise_100mV": {
    "per_param_r2": {
      "D_n": 0.0035660707029523397,
      "D_p": -0.0790146676989234,
      "t+": -0.17972507298362816,
      "SEI": 0.5218794453999436,
      "LAM_neg": 0.0049535578541112235,
      "LAM_pos": -0.095545155679857,
      "R_mult": -0.08772586070790811
    },
    "id_mean_r2": 0.1767996913190024,
    "un_mean_r2": -0.11050268926757917,
    "separation": 1.5999582664535075
  }
}