{
  "part1_analytical_jacobian": {
    "singular_values": [
      17.320396423339844,
      15.803181648254395,
      2.9735939502716064,
      0.40063032507896423,
      0.17979617416858673,
      0.10909288376569748,
      0.07492728531360626
    ],
    "effective_rank": 2.7899246215820312,
    "correlation_matrix": [
      [
        1.0,
        -0.10285535375000911,
        0.6979817947881064,
        0.02740282865508872,
        -0.7499551717807456,
        -0.530858676274326,
        0.9088433708846487
      ],
      [
        -0.10285535375000912,
        1.0,
        -0.49463682930320046,
        0.11601047520486955,
        0.05783853948465873,
        -0.46570548490968966,
        -0.31358965338814454
      ],
      [
        0.6979817947881064,
        -0.49463682930320046,
        0.9999999999999999,
        0.0018909849118474472,
        -0.5234148883785886,
        -0.0672590036060677,
        0.7828461630567207
      ],
      [
        0.027402828655088717,
        0.11601047520486954,
        0.0018909849118474474,
        1.0,
        0.1267069316935009,
        0.045535165958932096,
        0.02722286551657814
      ],
      [
        -0.7499551717807456,
        0.057838539484658724,
        -0.5234148883785886,
        0.1267069316935009,
        1.0,
        0.3657995094912659,
        -0.6531197746550824
      ],
      [
        -0.530858676274326,
        -0.46570548490968966,
        -0.0672590036060677,
        0.045535165958932096,
        0.36579950949126594,
        1.0,
        -0.4668499597620322
      ],
      [
        0.9088433708846487,
        -0.31358965338814454,
        0.7828461630567206,
        0.027222865516578137,
        -0.6531197746550824,
        -0.46684995976203225,
        1.0
      ]
    ],
    "high_corr_pairs": [
      [
        "D_n",
        "LAM_neg",
        -0.7499551717807456
      ],
      [
        "D_n",
        "R_mult",
        0.9088433708846487
      ],
      [
        "t+",
        "R_mult",
        0.7828461630567207
      ]
    ]
  },
  "part2_multi_model": {
    "SPM (Prada2013)": {
      "singular_values": [
        1.848063349723816,
        0.23792502284049988,
        0.11961394548416138,
        0.07320638746023178,
        0.059068918228149414,
        0.04591900482773781
      ],
      "eigenvalues": [
        42.17079162597656,
        69.78276062011719,
        107.1834487915039,
        286.1497497558594,
        1132.165283203125,
        68306.7578125
      ],
      "effective_rank": 2.344740867614746,
      "numerical_rank": 2,
      "condition_number": 1619.7646484375,
      "n_params": 6,
      "n_sims": 250
    },
    "SPM+SEI (Prada2013)": {
      "singular_values": [
        8.34106731414795,
        1.7698321342468262,
        0.31558918952941895,
        0.27821779251098633,
        0.14657258987426758,
        0.08378345519304276,
        0.07960905134677887
      ],
      "eigenvalues": [
        126.75221252441406,
        140.38873291015625,
        429.6492614746094,
        1548.1025390625,
        1991.9261474609375,
        62646.140625,
        1391467.25
      ],
      "effective_rank": 2.291598081588745,
      "numerical_rank": 2,
      "condition_number": 10977.853515625,
      "n_params": 7,
      "n_sims": 250
    },
    "DFN (Prada2013)": {
      "singular_values": [
        1.744435429573059,
        0.2925747334957123,
        0.27091923356056213,
        0.20750334858894348,
        0.15106631815433502,
        0.1253710240125656,
        0.0719577819108963
      ],
      "eigenvalues": [
        103.55828857421875,
        314.3580627441406,
        456.4206848144531,
        861.1527099609375,
        1467.945556640625,
        1712.0003662109375,
        60861.109375
      ],
      "effective_rank": 3.7923924922943115,
      "numerical_rank": 4,
      "condition_number": 587.6990356445312,
      "n_params": 7,
      "n_sims": 150
    }
  },
  "part3_subspace_analysis": {
    "effective_rank": 2.728487014770508,
    "n_identifiable": 3,
    "reconstruction_quality": {
      "D_n": 0.9998419880867004,
      "D_p": 0.013831904157996178,
      "t+": 0.020412219688296318,
      "SEI": 0.9999987483024597,
      "LAM_neg": 0.9994933605194092,
      "LAM_pos": 0.02156912535429001,
      "R_mult": 0.016024023294448853
    },
    "singular_vectors": [
      [
        0.04754655435681343,
        -0.00037401533336378634,
        -0.0005990093341097236,
        -0.9957234263420105,
        -0.07914814352989197,
        -0.002882949309423566,
        0.0007917954935692251
      ],
      [
        0.9370248317718506,
        -0.0030615441501140594,
        -0.00017664401093497872,
        0.07191208750009537,
        -0.3410804569721222,
        -0.014839638955891132,
        0.015729978680610657
      ],
      [
        -0.3455545902252197,
        -0.013483644463121891,
        -0.020402666181325912,
        0.05797696113586426,
        -0.9361554384231567,
        -0.015385087579488754,
        0.0029512993060052395
      ],
      [
        0.009634409099817276,
        0.5797070860862732,
        0.14062336087226868,
        2.720944758038968e-05,
        -0.02761799842119217,
        0.6918219923973083,
        -0.40582212805747986
      ],
      [
        -0.002118065720424056,
        0.6057635545730591,
        -0.03449837490916252,
        0.00119140581227839,
        0.0034249317832291126,
        -0.7100341320037842,
        -0.3573437035083771
      ],
      [
        0.012288900092244148,
        -0.14336489140987396,
        -0.9188553690910339,
        -0.0005507271271198988,
        0.014761308208107948,
        0.10012871772050858,
        -0.35320940613746643
      ],
      [
        0.008206222206354141,
        -0.5255905389785767,
        0.36650195717811584,
        0.00035584333818405867,
        -0.0044812411069869995,
        -0.08211638033390045,
        -0.7632827758789062
      ]
    ],
    "null_space_dim": 4
  },
  "part4_practical_implications": {
    "identifiable_group": [
      "D_n",
      "SEI",
      "LAM_neg"
    ],
    "unidentifiable_group": [
      "D_p",
      "t+",
      "LAM_pos",
      "R_mult"
    ],
    "reconstruction_quality": {
      "D_n": 0.9996354579925537,
      "D_p": 0.0060672699473798275,
      "t+": 0.008162344805896282,
      "SEI": 0.9999924302101135,
      "LAM_neg": 0.9993224740028381,
      "LAM_pos": 0.03499135002493858,
      "R_mult": 0.027767548337578773
    },
    "full_rmse_mean": 76.14543516726033,
    "fixed_rmse_mean": 82.62701353089538,
    "multi_crate_eranks": {
      "0.5": 3.11576247215271,
      "1.0": 1.769689679145813,
      "2.0": 1.6497373580932617
    },
    "multi_crate_combined_erank": 2.6799750328063965,